{
    "sum": 627325,
    "avr": 542.6686851211073,
    "sumMd": 17851,
    "avrMD": 525.0294117647059,
    "sumSD": 17148,
    "avrSD": 504.3529411764706,
    "max": 998,
    "min": 100
}