{
  "Sum": 1541.0300000000007,
  "min": 0.02,
  "max": 6.0,
  "average": 3.082060000000001
}