{
  "Sum": 531.2499999999999,
  "min": 8.68,
  "max": 9.14,
  "average": 8.854166666666664
}